City_ID,City,Lat,Lng,Max Temp,Humidity,Cloudiness,Wind Speed,Country,Date
0,tiksi,71.6872,128.8694,-20.47,100,58,1.73,RU,1698695908
1,adamstown,-25.066,-130.1015,22.71,75,100,4.26,PN,1698695908
2,hawaiian paradise park,19.5933,-154.9731,27.16,92,100,2.57,US,1698695616
3,keflavik,64.0049,-22.5624,3.24,75,40,6.17,IS,1698695922
4,port-aux-francais,-49.35,70.2167,2.91,80,100,15.76,TF,1698695924
5,bubaque,11.2833,-15.8333,28.66,66,100,0.69,GW,1698695925
6,bikenibeu village,1.3673,173.1241,24.98,94,100,0.0,KI,1698695940
7,blackmans bay,-43.0167,147.3167,7.51,70,15,0.45,AU,1698695947
8,geraldton,-28.7667,114.6,12.23,76,2,3.6,AU,1698695951
9,acaponeta,22.4964,-105.3594,30.77,59,54,1.83,MX,1698695952
10,port elizabeth,-33.918,25.5701,16.16,77,0,8.23,ZA,1698695952
11,west island,-12.1568,96.8225,25.99,83,100,5.66,CC,1698695953
12,ribeira grande,38.5167,-28.7,19.32,77,40,7.2,PT,1698695954
13,margaret river,-33.95,115.0667,8.73,90,11,4.35,AU,1698695955
14,inderbor,48.55,51.7833,5.0,74,57,3.39,KZ,1698695955
15,yangliuqing,39.1375,116.9997,13.97,93,3,1.21,CN,1698695956
16,mount isa,-20.7333,139.5,21.87,68,77,0.0,AU,1698695956
17,mendi,-6.1761,143.6513,12.37,98,100,1.52,PG,1698695956
18,waitangi,-43.9535,-176.5597,13.79,82,67,5.81,NZ,1698695957
19,albany,42.6001,-73.9662,9.23,89,100,0.45,US,1698695764
20,saint-paul,-21.0096,55.2707,24.06,91,35,0.89,RE,1698695958
21,haiku-pauwela,20.9219,-156.3051,27.8,71,0,4.12,US,1698695959
22,susuman,62.7833,148.1667,-16.68,97,86,0.45,RU,1698695965
23,luderitz,-26.6481,15.1594,18.86,46,0,4.63,NA,1698695965
24,utrik,11.2278,169.8474,28.13,81,96,9.29,MH,1698695966
25,ushuaia,-54.8,-68.3,4.81,65,75,9.77,AR,1698695967
26,howrah,22.5892,88.3103,25.0,78,60,0.0,IN,1698695967
27,puerto ayora,-0.7393,-90.3518,28.98,88,99,3.13,EC,1698695968
28,totness,5.8833,-56.3167,29.2,73,7,6.43,SR,1698695968
29,puerto natales,-51.7236,-72.4875,7.25,39,0,1.54,CL,1698695968
30,tura,25.5198,90.2201,20.06,86,99,1.63,IN,1698695969
31,badger,64.8,-147.5333,-2.07,91,75,0.0,US,1698695969
32,edinburgh of the seven seas,-37.0676,-12.3116,12.45,93,100,13.41,SH,1698695971
33,invercargill,-46.4,168.35,8.34,96,93,0.45,NZ,1698696019
34,college,64.8569,-147.8028,-1.07,89,75,0.0,US,1698695919
35,yellowknife,62.456,-114.3525,-0.33,90,75,6.17,CA,1698696020
36,touros,-5.1989,-35.4608,26.15,68,9,6.75,BR,1698696021
37,tolanaro,-25.0319,46.9987,25.04,78,75,4.12,MG,1698696022
38,thompson,55.7435,-97.8558,-5.91,68,100,6.69,CA,1698696023
39,malabar,-33.9667,151.25,26.84,21,0,8.23,AU,1698696023
40,la passe,45.5549,-0.8967,14.43,80,26,10.05,FR,1698696024
41,chamical,-30.36,-66.314,24.81,37,93,7.6,AR,1698695906
42,grytviken,-54.2811,-36.5092,5.24,76,10,4.25,GS,1698695959
43,fort bragg,35.139,-79.006,30.08,44,0,7.72,US,1698695930
44,tabora,-5.0167,32.8,26.64,34,100,2.76,TZ,1698696025
45,chitradurga,14.2333,76.4,22.1,80,100,3.0,IN,1698696026
46,bel ombre,-4.6167,55.4167,25.91,83,40,0.51,SC,1698696026
47,chernyshevskiy,63.0128,112.4714,-28.2,100,81,1.59,RU,1698696026
48,kodiak,57.79,-152.4072,7.73,93,100,3.09,US,1698696027
49,cabo san lucas,22.8909,-109.9124,31.45,63,1,2.74,MX,1698696027
50,avarua,-21.2078,-159.775,25.03,73,75,6.69,CK,1698696028
51,weno,7.4515,151.8468,28.46,78,89,5.78,FM,1698696028
52,papatowai,-46.5619,169.4708,10.75,82,100,1.47,NZ,1698696029
53,minas de marcona,-15.2119,-75.1103,28.07,30,11,4.93,PE,1698696029
54,kristiansund,63.1115,7.732,-0.64,74,0,1.03,NO,1698696030
55,georgetown,5.4112,100.3354,27.19,92,20,2.06,MY,1698695965
56,atafu village,-8.5421,-172.5159,28.65,76,91,6.42,TK,1698696031
57,margate,51.3813,1.3862,9.94,92,100,7.03,GB,1698696003
58,hamilton,39.1834,-84.5333,8.35,85,100,2.24,US,1698696032
59,whitehorse,60.7161,-135.0538,1.56,88,75,1.03,CA,1698696032
60,sorong,-0.8833,131.25,27.43,75,17,1.35,ID,1698696033
61,lihue,21.9789,-159.3672,27.08,76,86,2.04,US,1698696033
62,coahuayana de hidalgo,18.7,-103.6583,30.57,68,41,2.59,MX,1698696034
63,urcos,-13.6861,-71.6228,25.94,51,93,4.69,PE,1698696035
64,menaka,15.9182,2.4022,32.14,9,0,4.29,ML,1698696037
65,hauterive,46.0901,3.4459,12.42,86,95,2.77,FR,1698696039
66,qaqortoq,60.7167,-46.0333,5.9,57,100,10.04,GL,1698696039
67,san patricio,28.017,-97.5169,10.94,67,100,8.89,US,1698696040
68,iqaluit,63.7506,-68.5145,-11.15,72,75,9.26,CA,1698696040
69,enewetak,11.3474,162.3373,28.65,78,100,9.37,MH,1698696040
70,taoudenni,22.6783,-3.9836,33.33,9,74,2.23,ML,1698696041
71,olonkinbyen,70.9221,-8.7187,1.17,63,100,5.74,SJ,1698696043
72,shatrovo,56.5167,64.6333,-4.92,96,97,2.77,RU,1698696044
73,talnakh,69.4865,88.3972,-17.11,94,100,2.82,RU,1698696044
74,pahrump,36.2083,-115.9839,16.91,14,0,2.68,US,1698695885
75,tazacorte,28.629,-17.9293,24.54,93,40,1.54,ES,1698696045
76,inhambane,-23.865,35.3833,18.99,88,75,4.63,MZ,1698696046
77,gadzhiyevo,69.2551,33.3362,-3.44,94,100,8.39,RU,1698696047
78,bethel,41.3712,-73.414,13.34,89,100,0.45,US,1698695991
79,vila velha,-20.3297,-40.2925,28.97,79,0,8.23,BR,1698695755
80,labrador city,52.9463,-66.9114,-2.05,43,40,2.06,CA,1698696047
81,solnechnyy,50.7214,136.6319,0.57,67,21,1.65,RU,1698696048
82,mukalla,14.5425,49.1242,25.53,82,42,0.73,YE,1698696048
83,crane,31.3974,-102.3501,5.84,36,99,3.47,US,1698696048
84,jijiga,9.35,42.8,19.37,75,100,2.34,ET,1698696048
85,zakynthos,37.7914,20.8953,20.36,67,0,2.09,GR,1698696049
86,afaahiti,-17.75,-149.2833,27.93,84,22,9.29,PF,1698696049
87,isafjordur,66.0755,-23.124,5.0,66,100,3.03,IS,1698696049
88,fontanelas,38.8472,-9.4372,16.51,78,100,1.96,PT,1698696049
89,arraial do cabo,-22.9661,-42.0278,30.98,78,0,3.6,BR,1698696050
90,balykshi,47.0667,51.8667,2.0,93,1,2.0,KZ,1698696050
91,anadyr,64.75,177.4833,-0.72,100,75,7.0,RU,1698696050
92,an nuhud,12.7,28.4333,30.58,19,31,2.24,SD,1698696050
93,ossi,40.6772,8.5928,19.27,84,100,7.08,IT,1698696051
94,tsiombe,-25.3,45.4833,22.61,80,100,2.62,MG,1698696051
95,palikir - national government center,6.9248,158.1611,25.41,94,75,0.0,FM,1698695958
96,balnearia,-31.0088,-62.6673,15.46,61,100,6.25,AR,1698696051
97,nar'yan-mar,67.6713,53.087,-6.61,94,100,6.71,RU,1698696052
98,betio village,1.358,172.9211,25.02,75,36,4.36,KI,1698696052
99,dajal,29.5577,70.3762,25.61,30,22,0.92,PK,1698696052
100,bilibino,68.0546,166.4372,-10.12,52,58,2.75,RU,1698696052
101,francistown,-21.17,27.5079,12.66,80,100,8.15,BW,1698695850
102,port mathurin,-19.6833,63.4167,24.89,81,8,8.05,MU,1698696053
103,ulsteinvik,62.3432,5.8487,3.75,59,0,2.68,NO,1698696053
104,remire-montjoly,4.9167,-52.2667,32.02,62,20,5.14,GF,1698696053
105,mil'kovo,55.6078,37.7956,8.56,99,100,4.94,RU,1698696053
106,punta arenas,-53.15,-70.9167,8.01,49,40,5.66,CL,1698696054
107,skelleftea,64.7507,20.9528,-6.8,100,100,2.57,SE,1698696054
108,at taj,24.2049,23.2857,22.84,30,0,4.16,LY,1698696054
109,zvishavane,-20.3267,30.0665,12.24,87,100,5.13,ZW,1698696054
110,lakhdenpokh'ya,61.5198,30.1992,-0.7,94,99,2.09,RU,1698696055
111,chonchi,-42.6128,-73.8092,11.18,77,81,2.3,CL,1698696055
112,dwarka,22.2394,68.9678,27.77,64,0,4.77,IN,1698696055
113,iskateley,67.6803,53.1512,-6.66,94,100,6.71,RU,1698696055
114,retford,53.3221,-0.9432,10.52,89,100,4.6,GB,1698696022
115,vorgashor,67.5833,63.95,-13.27,90,100,3.63,RU,1698696056
116,laguna,38.421,-121.4238,22.79,34,0,0.45,US,1698696056
117,narasannapeta,18.4167,84.05,20.69,84,40,1.76,IN,1698696056
118,micheweni,-4.9667,39.8333,26.65,84,57,3.96,TZ,1698696056
119,turbat,26.0023,63.044,26.78,61,6,2.15,PK,1698696057
120,maloyaroslavets,55.0146,36.4719,6.61,95,100,4.28,RU,1698695900
121,wailua homesteads,22.0669,-159.378,27.29,75,76,1.34,US,1698696057
122,aitape,-3.1374,142.3475,25.05,82,99,1.0,PG,1698696057
123,oamaru,-45.0784,170.9801,12.99,88,98,4.03,NZ,1698696058
124,lompoc,34.6391,-120.4579,27.61,16,0,1.79,US,1698696051
125,kavaratti,10.5669,72.642,28.07,69,100,0.88,IN,1698696058
126,saudarkrokur,65.7461,-19.6394,-0.91,81,35,3.14,IS,1698696058
127,longyearbyen,78.2186,15.6401,0.91,69,75,3.6,SJ,1698696059
128,urengoy,65.9667,78.3667,-13.97,96,9,1.42,RU,1698696059
129,ixtapa,20.7,-105.2,31.24,71,44,2.24,MX,1698696059
130,revda,56.801,59.9303,-7.88,99,90,0.55,RU,1698696060
131,kilju,40.9642,129.3278,10.68,74,0,1.22,KP,1698696060
132,acapulco de juarez,16.8634,-99.8901,29.3,75,29,2.39,MX,1698695837
133,lebu,-37.6167,-73.65,11.11,58,61,5.44,CL,1698696060
134,novodvinsk,64.4165,40.8122,-8.45,97,57,1.36,RU,1698696061
135,vilyuchinsk,52.9306,158.4028,0.52,80,77,3.14,RU,1698696061
136,port alfred,-33.5906,26.891,14.54,91,28,1.79,ZA,1698696061
137,port lincoln,-34.7333,135.8667,9.31,81,23,3.06,AU,1698696062
138,amga,60.8953,131.9608,-11.05,91,100,1.95,RU,1698696062
139,ancud,-41.8697,-73.8203,8.77,60,6,5.83,CL,1698696041
140,tosontsengel,48.7567,98.2839,-4.07,88,100,1.03,MN,1698696063
141,al kharj,24.155,47.3346,28.32,42,6,2.9,SA,1698696063
142,sosnovo-ozerskoye,52.5249,111.5418,-10.6,60,0,1.64,RU,1698696064
143,irakleion,35.3279,25.1434,21.79,86,40,3.09,GR,1698696064
144,puerto deseado,-47.7503,-65.8938,6.07,48,100,10.03,AR,1698696065
145,nadym,65.5333,72.5167,-13.22,94,15,3.01,RU,1698696066
146,whangarei,-35.7317,174.3239,16.07,99,100,3.19,NZ,1698696067
147,kingston,17.997,-76.7936,31.53,75,40,3.6,JM,1698695823
148,padang,-0.9492,100.3543,24.03,91,100,1.11,ID,1698695901
149,sarina,-21.4333,149.2167,19.78,1,10,2.06,AU,1698696070
150,aboisso,5.4678,-3.2071,25.54,90,1,1.89,CI,1698696071
151,berezovyy,51.6667,135.7,-2.13,58,7,3.84,RU,1698696071
152,laredo,27.5064,-99.5075,7.16,87,100,7.72,US,1698695807
153,muli,2.9167,73.5667,27.74,74,27,3.49,MV,1698696072
154,palmer,42.1584,-72.3287,10.75,85,100,1.54,US,1698695889
155,genet,9.0667,38.5,10.67,90,11,1.05,ET,1698696073
156,saint-joseph,-21.3667,55.6167,23.21,82,12,3.92,RE,1698696073
157,juquitiba,-23.9317,-47.0683,22.2,95,99,0.74,BR,1698696074
158,pokhara,28.2333,83.9833,17.24,52,6,2.88,NP,1698695841
159,buckie,57.6757,-2.9624,8.88,83,100,7.66,GB,1698696075
160,puerto san jose,13.9256,-90.8244,27.5,80,100,2.72,GT,1698696075
161,rosarito,32.3333,-117.0333,29.02,19,4,5.94,MX,1698696014
162,tamanrasset,22.785,5.5228,26.95,14,40,3.6,DZ,1698696076
163,el granada,37.5027,-122.4694,23.78,28,0,3.6,US,1698696076
164,kasimov,54.9411,41.3953,5.94,96,100,5.34,RU,1698696077
165,kayangel,8.0823,134.7173,28.35,74,23,3.11,PW,1698696077
166,grootfontein,-19.5667,18.1167,25.76,17,29,2.06,NA,1698696078
167,jacobina,-11.1806,-40.5183,32.39,19,73,3.19,BR,1698696078
168,carbonear,47.7332,-53.2148,6.25,49,100,4.58,CA,1698696078
169,newcastle,-32.9272,151.7765,19.88,63,50,4.12,AU,1698696000
170,gofitskoye,45.0792,43.0464,12.9,67,6,4.25,RU,1698696079
171,champasak,14.75,106.0,21.2,99,96,0.26,LA,1698696080
172,awjilah,29.1081,21.2869,23.43,47,86,3.49,LY,1698696080
173,baikonur,45.6167,63.3167,10.91,60,57,5.82,KZ,1698696081
174,peterhead,57.5058,-1.7981,5.81,62,61,8.07,GB,1698696081
175,saipan,15.1355,145.701,28.69,79,20,6.8,MP,1698696082
176,tokoroa,-38.2333,175.8667,15.53,86,100,1.79,NZ,1698696083
177,klyuchi,52.2667,79.1667,6.55,95,100,3.02,RU,1698696083
178,gournay-en-bray,49.4828,1.7247,10.41,97,99,7.02,FR,1698696083
179,midoun,33.8081,10.9923,27.92,62,100,7.37,TN,1698696084
180,scottburgh,-30.2867,30.7532,14.9,84,100,0.89,ZA,1698696084
181,porto novo,6.4965,2.6036,27.9,83,100,2.26,BJ,1698695815
182,nova sintra,14.8667,-24.7167,23.54,63,53,0.79,CV,1698696085
183,rongelap,11.1635,166.8941,28.43,79,100,10.6,MH,1698696086
184,san antonio de pale,-1.4014,5.6325,26.6,83,100,5.53,GQ,1698696086
185,new norfolk,-42.7826,147.0587,8.29,90,45,2.98,AU,1698696086
186,zuni pueblo,35.0725,-108.8506,9.35,17,0,2.38,US,1698696087
187,necochea,-38.5473,-58.7368,13.33,39,29,5.36,AR,1698696087
188,castillos,-34.1667,-53.8333,13.55,92,100,5.66,UY,1698696087
189,sobinka,55.9855,40.0111,1.7,100,100,4.6,RU,1698696087
190,la'ie,21.6477,-157.9253,29.47,71,5,1.79,US,1698696088
191,sandnessjoen,66.0217,12.6316,-1.94,86,20,6.17,NO,1698696088
192,carnarvon,-24.8667,113.6333,19.84,74,0,8.78,AU,1698696088
193,kattivakkam,13.2167,80.3167,27.82,85,99,4.36,IN,1698696088
194,sompeta,18.9333,84.6,22.88,75,19,1.95,IN,1698696089
195,jamestown,42.097,-79.2353,6.51,98,100,4.12,US,1698696053
196,kailua-kona,19.6406,-155.9956,30.89,69,0,2.68,US,1698696030
197,east london,-33.0153,27.9116,15.17,78,60,6.41,ZA,1698696089
198,ghat,24.9647,10.1728,26.8,16,0,2.4,LY,1698696090
199,arnprior,45.4334,-76.3494,4.88,95,100,3.59,CA,1698696057
200,constantia,44.1833,28.65,15.39,73,0,4.08,RO,1698696090
201,vernon,50.2581,-119.2691,4.74,48,36,0.51,CA,1698696018
202,morehead city,34.7229,-76.726,27.23,81,0,7.2,US,1698696091
203,aras-asan,8.8908,126.3033,24.96,85,68,2.16,PH,1698696091
204,nusaybin,37.0778,41.2178,23.51,31,100,1.83,TR,1698696092
205,tazovsky,67.4667,78.7,-16.99,95,21,1.91,RU,1698696093
206,paita,-5.0892,-81.1144,23.24,72,83,7.94,PE,1698696093
207,klaksvik,62.2266,-6.589,3.51,61,82,7.47,FO,1698696093
208,udachny,66.4167,112.4,-20.91,100,99,1.52,RU,1698696094
209,bredasdorp,-34.5322,20.0403,14.7,73,0,9.48,ZA,1698696094
210,rio grande,-32.035,-52.0986,21.06,90,100,4.7,BR,1698696094
211,serra talhada,-7.9919,-38.2983,34.52,18,11,1.96,BR,1698696090
212,nova vicosa,-17.8919,-39.3719,25.83,69,49,6.38,BR,1698695883
213,naze,28.3667,129.4833,19.51,77,55,4.61,JP,1698696096
214,praia da vitoria,38.7333,-27.0667,18.75,77,40,5.3,PT,1698696096
215,bafoulabe,13.8065,-10.8321,26.16,71,56,1.96,ML,1698696096
216,aykhal,66.0,111.5,-20.3,98,100,3.27,RU,1698696097
217,uturoa,-16.7333,-151.4333,26.04,80,16,8.19,PF,1698696097
218,aasiaat,68.7098,-52.8699,-3.41,77,5,9.02,GL,1698696097
219,nizhniy kuranakh,58.8353,125.4869,-20.2,98,41,1.62,RU,1698696097
220,stanley,54.868,-1.6985,6.51,94,75,3.09,GB,1698696098
221,ouadda,8.0777,22.4007,22.89,68,25,1.01,CF,1698696098
222,kamina,-8.7386,24.9906,17.76,95,100,1.26,CD,1698696098
223,banikoara,11.2985,2.4386,30.81,21,98,1.62,BJ,1698696099
224,ad dawadimi,24.5077,44.3924,22.64,38,84,3.15,SA,1698696099
225,bulanash,57.2783,61.9965,-6.37,98,93,1.29,RU,1698696099
226,taksimo,56.3444,114.8794,-13.02,66,15,1.07,RU,1698696100
227,ilulissat,69.2167,-51.1,4.01,45,20,9.26,GL,1698696100
228,santa cruz,-17.8,-63.1667,34.03,49,75,12.86,BO,1698696100
229,portland,45.5234,-122.6762,14.78,44,0,4.92,US,1698695620
230,usinsk,65.9939,57.5281,-8.85,81,100,3.13,RU,1698696101
231,russellville,35.2784,-93.1338,12.08,40,0,4.47,US,1698696046
232,uvalde,29.3669,-99.767,7.55,64,100,5.66,US,1698696101
233,argo,37.6333,22.7333,19.87,73,1,0.71,GR,1698696101
234,bardai,11.65,7.2333,26.79,23,100,3.35,NG,1698696102
235,hermanus,-34.4187,19.2345,14.94,74,0,10.2,ZA,1698696102
236,polyarnyy,69.1989,33.4478,-5.37,89,100,7.57,RU,1698696102
237,bereeda,11.8704,51.0579,26.26,79,46,3.11,SO,1698696102
238,puerto baquerizo moreno,-0.9,-89.6,27.55,69,75,6.69,EC,1698696103
239,codrington,-38.2667,141.9667,9.66,61,57,6.89,AU,1698696103
240,manokwari,-0.8667,134.0833,25.28,83,100,0.97,ID,1698696103
241,chongwe,-15.3292,28.682,21.57,67,88,4.83,ZM,1698696104
242,lagoa,39.05,-27.9833,18.35,70,11,8.98,PT,1698696104
243,kirakira,-10.4544,161.9205,26.98,85,100,3.94,SB,1698696104
244,caleta de carquin,-11.0925,-77.6267,21.76,77,97,5.1,PE,1698696104
245,mandalgovi,45.7625,106.2708,-1.69,64,36,1.62,MN,1698696105
246,kyzyl-suu,42.3414,78.0056,9.97,46,100,3.54,KG,1698696105
247,karratha,-20.7377,116.8463,26.61,41,90,3.86,AU,1698696105
248,menongue,-14.6585,17.691,21.56,68,91,2.64,AO,1698696106
249,quellon,-43.1167,-73.6167,7.28,84,100,3.15,CL,1698696106
250,bougouni,11.417,-7.479,29.14,34,65,1.71,ML,1698696106
251,gorom-gorom,14.4439,-0.2361,32.79,10,0,4.02,BF,1698696106
252,mairi,-11.7114,-40.1489,32.52,20,99,2.91,BR,1698696107
253,hirara,24.8,125.2833,24.15,69,100,4.63,JP,1698696107
254,dawei,14.0833,98.2,24.63,90,91,2.45,MM,1698696107
255,hovd,48.0056,91.6419,4.88,56,100,2.88,MN,1698696107
256,alofi,-19.0595,-169.9187,25.94,69,100,6.17,NU,1698696108
257,bengkulu,-3.8004,102.2655,22.87,95,63,1.86,ID,1698696108
258,grand-bassam,5.2118,-3.7388,27.98,85,0,3.08,CI,1698696108
259,baardheere,2.3446,42.2764,26.1,78,30,0.96,SO,1698696108
260,mitsamiouli,-11.3847,43.2844,26.69,78,16,2.15,KM,1698696109
261,bodo,67.28,14.405,-2.9,80,0,5.66,NO,1698696109
262,papao,-17.75,-149.55,28.82,83,18,9.09,PF,1698696109
263,magadan,59.5667,150.8,-4.67,76,12,2.98,RU,1698696109
264,brisas de zicatela,15.8369,-97.0419,29.16,71,89,2.59,MX,1698696110
265,hithadhoo,-0.6,73.0833,26.73,82,9,5.09,MV,1698696110
266,amuntai,-2.4177,115.2494,24.43,89,60,0.98,ID,1698696110
267,paredon,16.0333,-93.8667,32.16,53,59,5.97,MX,1698696110
268,thunder bay,48.4001,-89.3168,0.99,40,100,5.14,CA,1698696111
269,fale old settlement,-9.3852,-171.2468,28.8,74,16,6.94,TK,1698696111
270,trondheim,63.4305,10.3951,-2.95,68,8,2.58,NO,1698696111
271,glenfield park,-35.1372,147.334,9.08,70,0,4.5,AU,1698696111
272,veraval,20.9,70.3667,26.89,55,3,0.32,IN,1698696112
273,tabou,4.423,-7.3528,26.34,84,6,2.99,CI,1698696112
274,tateyama,34.9833,139.8667,15.61,70,0,3.17,JP,1698696112
275,malango,-2.9627,119.9001,18.06,90,62,1.17,ID,1698696112
276,nogliki,51.8333,143.1667,2.41,71,90,1.34,RU,1698696113
277,ust-nera,64.5667,143.2,-18.23,100,85,1.98,RU,1698696113
278,illizi,26.4833,8.4667,28.89,16,3,3.23,DZ,1698696113
279,puerto quijarro,-17.7833,-57.7667,38.88,26,95,2.35,BO,1698696113
280,coquimbo,-29.9533,-71.3436,19.85,59,0,6.69,CL,1698696114
281,hadibu,12.65,54.0333,26.57,76,99,3.76,YE,1698696114
282,xiangcheng chengguanzhen,33.847,113.4778,18.1,57,2,4.04,CN,1698696114
283,son tay,21.1378,105.505,22.96,78,100,0.89,VN,1698696114
284,swift current,50.2834,-107.8014,-6.55,73,0,8.23,CA,1698696059
285,meadow lakes,61.6247,-149.6011,6.46,72,0,0.89,US,1698696115
286,isiro,2.7739,27.616,21.11,93,96,1.82,CD,1698696115
287,champerico,14.3,-91.9167,33.3,74,100,5.96,GT,1698696115
288,pacific grove,36.6177,-121.9166,24.94,27,100,0.89,US,1698696115
289,petropavlovsk-kamchatsky,53.0452,158.6483,-0.3,82,75,5.0,RU,1698696116
290,fisterra,42.9049,-9.2629,16.12,73,9,8.15,ES,1698696116
291,queenstown,-31.8976,26.8753,7.54,80,77,4.4,ZA,1698696116
292,ayaviri,-14.8864,-70.5889,19.57,17,72,6.51,PE,1698696116
293,flin flon,54.7682,-101.865,-7.09,63,75,7.72,CA,1698696116
294,dunedin,-45.8742,170.5036,11.49,85,100,3.34,NZ,1698696101
295,konarka,19.9,86.1167,22.22,74,50,2.2,IN,1698696117
296,new plymouth,-39.0667,174.0833,14.06,73,100,2.9,NZ,1698696117
297,isangel,-19.55,169.2667,22.14,64,16,4.3,VU,1698696117
298,durban,-29.8579,31.0292,14.51,81,100,2.09,ZA,1698696050
299,lae,-6.7221,146.9847,23.45,89,100,2.13,PG,1698696118
300,julich,50.9333,6.3667,13.69,95,100,0.89,DE,1698696118
301,beira,-19.8436,34.8389,21.72,100,100,9.39,MZ,1698696118
302,axim,4.8699,-2.2405,26.76,84,10,2.71,GH,1698696118
303,choyr,46.3611,108.3611,-4.47,82,9,2.24,MN,1698696119
304,tekirdag,40.978,27.5085,16.64,81,0,2.49,TR,1698696119
305,kirensk,57.7853,108.1119,-7.24,62,98,1.34,RU,1698696119
306,abou el hassan,36.4166,1.1962,20.69,68,85,5.54,DZ,1698696119
307,hilo,19.7297,-155.09,27.28,84,100,2.57,US,1698696035
308,liwale,-9.7667,37.9333,22.75,71,100,1.8,TZ,1698696120
309,ruidoso,33.3317,-105.673,6.14,58,0,1.54,US,1698696120
310,callao,-12.0667,-77.15,22.16,73,0,6.17,PE,1698696120
311,sumbawanga,-7.9667,31.6167,21.78,38,68,2.14,TZ,1698696120
312,ganjam,19.3833,85.0667,23.27,77,33,1.77,IN,1698696121
313,gulf breeze,30.3571,-87.1639,28.6,69,40,4.12,US,1698696024
314,zaragoza,41.6561,-0.8773,15.25,50,20,6.17,ES,1698695683
315,niafunke,15.9322,-3.9906,33.3,14,96,1.9,ML,1698696121
316,la solana,38.9442,-3.2381,10.11,68,70,4.84,ES,1698696122
317,chulakkurgan,43.765,69.1814,13.25,62,99,8.47,KZ,1698696122
318,cabedelo,-6.9811,-34.8339,29.37,72,87,6.24,BR,1698696123
319,holyhead,53.3062,-4.6321,11.96,87,75,4.12,GB,1698696124
320,bechar,31.6167,-2.2167,25.18,19,40,0.0,DZ,1698696124
321,taltal,-25.4,-70.4833,19.99,64,11,2.71,CL,1698696124
322,villanueva,15.3167,-88.0,30.55,58,40,2.57,HN,1698696125
323,piacabucu,-10.4056,-36.4344,25.4,66,100,3.85,BR,1698696126
324,labytnangi,66.6572,66.4183,-13.01,97,100,1.06,RU,1698696126
325,kone,-21.0595,164.8658,20.99,70,100,1.91,NC,1698696127
326,real,14.6625,121.6047,25.88,88,100,5.15,PH,1698696128
327,singkil,-7.9855,111.4161,24.05,88,57,1.5,ID,1698696128
328,fonte boa,-2.4959,-66.2662,35.65,40,80,1.54,BR,1698696129
329,namibe,-15.1961,12.1522,18.95,80,0,2.25,AO,1698696130
330,gobabis,-22.45,18.9667,22.94,12,3,4.86,NA,1698696130
331,mahriz,31.5917,54.4318,19.28,27,100,0.59,IR,1698696131
332,floro,61.5996,5.0328,5.54,44,0,2.06,NO,1698696131
333,encruzilhada do sul,-30.5439,-52.5219,17.6,96,100,4.25,BR,1698696131
334,altai,46.3722,96.2583,0.57,73,28,4.31,MN,1698696132
335,mikuni,36.2171,136.1519,8.95,76,15,2.46,JP,1698696133
336,selfoss,63.9331,-20.9971,1.69,78,21,3.23,IS,1698696133
337,anna regina,7.2644,-58.5077,29.29,71,81,4.37,GY,1698696133
338,kongolo,-5.3833,27.0,20.63,95,100,1.69,CD,1698696133
339,nemuro,43.3236,145.575,9.67,80,9,4.52,JP,1698696134
340,vorkuta,67.5,64.0,-12.66,89,100,3.01,RU,1698696166
341,vallegrande,-18.4897,-64.1069,28.36,35,25,6.41,BO,1698696166
342,shimoda,34.6667,138.95,16.17,73,99,1.59,JP,1698696168
343,latimer,30.5346,-88.8667,27.7,61,0,2.06,US,1698696168
344,yanam,16.7333,82.2167,24.08,77,42,1.83,IN,1698696169
345,tabina,7.4669,123.4081,26.39,82,91,2.21,PH,1698696170
346,ugoofaaru,5.6667,73.0,27.49,75,100,2.67,MV,1698696170
347,saint-pierre,-21.3393,55.4781,23.82,73,0,1.03,RE,1698696240
348,novyy urengoy,66.0833,76.6333,-12.88,92,7,1.86,RU,1698696241
349,vitoria da conquista,-14.8661,-40.8394,29.69,27,82,4.15,BR,1698695956
350,xilin hot,43.9667,116.0333,7.98,44,70,6.42,CN,1698696241
351,quepos,9.4236,-84.1652,24.82,93,100,0.75,CR,1698696241
352,franklin,39.9667,-83.0166,8.1,83,100,5.66,US,1698696242
353,freetown,8.484,-13.2299,27.84,83,75,5.14,SL,1698696242
354,nanpara,27.8667,81.5,20.29,63,19,1.18,IN,1698696242
355,richards bay,-28.783,32.0377,15.81,82,100,3.28,ZA,1698696243
356,vadso,70.0744,29.7487,-1.91,86,75,5.14,NO,1698696243
357,menuma,36.2167,139.3833,13.93,61,79,0.97,JP,1698696247
358,broken hill,-31.95,141.4333,10.35,67,100,6.67,AU,1698696248
359,rundu,-17.9333,19.7667,25.53,43,30,3.78,NA,1698696249
360,chenzhou,25.8,113.0333,17.48,84,100,0.35,CN,1698696249
361,akureyri,65.6835,-18.0878,-4.04,86,0,0.0,IS,1698696250
362,black point,-34.6187,137.8972,12.93,71,100,5.54,AU,1698696251
363,kualakapuas,-3.0091,114.3876,26.47,80,90,0.95,ID,1698695988
364,mount pearl,47.5166,-52.7813,5.53,52,100,5.14,CA,1698696251
365,st. john's,47.5649,-52.7093,5.99,52,100,5.14,CA,1698696208
366,fort st. john,56.2499,-120.8529,0.94,69,75,3.09,CA,1698696051
367,castanos,26.7833,-101.4167,5.77,81,100,3.6,MX,1698696253
368,harrisonville,38.6533,-94.3488,5.78,47,0,3.09,US,1698696260
369,tabuk,17.4189,121.4443,21.93,92,100,1.25,PH,1698696261
370,dickinson,29.4608,-95.0513,11.1,83,100,7.72,US,1698696261
371,belmonte,-15.8631,-38.8828,25.57,66,100,4.62,BR,1698696176
372,hasaki,35.7333,140.8333,12.38,61,11,3.47,JP,1698696261
373,alexander city,32.944,-85.9539,23.88,64,40,5.66,US,1698696262
374,changping,40.2186,116.2197,14.8,72,90,0.76,CN,1698696262
375,pamandzi,-12.7967,45.2794,27.88,78,0,2.57,YT,1698696262
376,peskovka,59.0448,52.3606,-2.65,94,100,1.36,RU,1698696262
377,malax,62.9423,21.5731,-3.4,92,0,0.51,FI,1698696266
378,senador jose porfirio,-2.5908,-51.9542,36.14,32,9,1.25,BR,1698696266
379,guerrero negro,27.9769,-114.0611,26.11,32,0,3.48,MX,1698696266
380,sur,22.5667,59.5289,26.2,67,7,3.05,OM,1698696045
381,saint-mandrier-sur-mer,43.078,5.929,18.92,85,20,3.09,FR,1698696267
382,contai,21.7786,87.7536,22.01,71,4,2.72,IN,1698696267
383,lerwick,60.1545,-1.1494,7.0,56,45,9.91,GB,1698696267
384,valparaiso,-33.0393,-71.6273,19.13,65,0,7.72,CL,1698696095
385,tanda,26.55,82.65,21.65,54,45,1.05,IN,1698696268
386,ketchikan,55.3422,-131.6461,6.99,75,100,0.0,US,1698696268
387,saldanha,-33.0117,17.9442,21.03,52,0,9.12,ZA,1698696268
388,darnah,32.767,22.6367,22.36,79,24,6.3,LY,1698696269
389,ar rahad,12.7167,30.65,30.8,39,100,2.52,SD,1698696052
390,bayganin,48.6947,55.8742,4.52,68,100,6.36,KZ,1698696269
391,kili,5.6439,169.1211,28.6,76,100,4.31,MH,1698696269
392,lata,40.1629,-8.3327,17.12,92,100,1.94,PT,1698696213
393,khandyga,62.6667,135.6,-9.49,95,100,2.05,RU,1698696270
394,talcahuano,-36.7167,-73.1167,12.82,58,40,7.2,CL,1698696014
395,wacheng,33.7833,114.5167,17.73,57,0,3.48,CN,1698696270
396,qamdo,31.1667,97.2333,-4.13,73,96,1.5,CN,1698696271
397,augusto correa,-1.0217,-46.635,28.75,66,39,3.88,BR,1698696271
398,babu,24.4167,111.5167,17.75,82,99,1.1,CN,1698696271
399,igarka,67.4667,86.5833,-17.45,96,93,1.53,RU,1698696272
400,troy,42.6056,-83.1499,6.79,58,100,3.6,US,1698696023
401,urucui,-7.2294,-44.5561,39.23,14,17,3.14,BR,1698696272
402,genova,44.5,9.0667,16.64,86,100,2.68,IT,1698696046
403,tulum,20.2167,-87.4667,27.52,72,75,2.88,MX,1698696024
404,ras al khaimah city,25.7895,55.9432,25.12,69,0,1.03,AE,1698696217
405,cidreira,-30.1811,-50.2056,19.76,98,100,3.28,BR,1698696273
406,ak-dovurak,51.1833,90.6,-1.05,46,93,0.89,RU,1698696273
407,mangai,-4.05,19.5333,21.57,96,11,0.16,CD,1698696274
408,puerto palomas,31.7667,-107.6167,6.95,44,100,8.05,MX,1698696274
409,brookings,44.3114,-96.7984,5.59,45,0,12.86,US,1698696244
410,lazaro cardenas,17.9583,-102.2,29.25,74,18,2.93,MX,1698696275
411,saint-jean-de-monts,46.7833,-2.0667,15.49,80,46,10.82,FR,1698696144
412,zheleznodorozhnyy,55.7503,38.0042,8.1,100,100,4.47,RU,1698696141
413,riyadh,24.6877,46.7219,25.08,37,4,4.68,SA,1698696002
414,rabigh,22.7986,39.0349,29.37,60,0,3.29,SA,1698696276
415,grand falls-windsor,48.9332,-55.6649,4.17,60,100,2.69,CA,1698696276
416,manuguru,17.981,80.7547,20.78,86,64,0.08,IN,1698696276
417,derzhavinsk,51.1,66.3167,2.3,94,99,6.71,KZ,1698696277
418,burhar,23.2167,81.5333,18.52,61,100,0.57,IN,1698696277
419,mbandaka,0.0487,18.2603,25.05,79,8,0.53,CD,1698696277
420,puquio,-14.7,-74.1333,16.85,35,30,6.87,PE,1698696277
421,belel,7.05,14.4333,17.83,89,93,1.41,CM,1698696278
422,williams lake,52.1415,-122.1445,5.59,49,20,4.63,CA,1698696154
423,pangai,-19.8,-174.35,26.06,83,75,6.17,TO,1698696278
424,halden,59.1226,11.3871,-0.21,94,100,6.89,NO,1698696278
425,palangkaraya,-2.2,113.8333,24.44,94,71,0.26,ID,1698696279
426,camacupa,-12.0167,17.4833,19.01,87,81,1.87,AO,1698696279
427,deinze,50.9818,3.531,11.19,96,100,4.2,BE,1698696279
428,tual,-5.6667,132.75,27.61,78,100,5.27,ID,1698696279
429,siler city,35.7235,-79.4622,29.28,44,0,4.12,US,1698696280
430,cape coast,5.1053,-1.2466,27.05,85,23,2.98,GH,1698696280
431,swan hill,-35.3378,143.5544,6.61,89,2,2.99,AU,1698696280
432,eyl,7.9803,49.8164,25.6,85,100,3.67,SO,1698696280
433,puerto aysen,-45.4,-72.7,9.58,84,9,0.64,CL,1698696280
434,turtas,58.9417,69.1325,-6.27,93,83,3.15,RU,1698696281
435,taseyevo,57.2169,94.8978,-4.81,75,8,3.13,RU,1698696281
436,kismayo,-0.3582,42.5454,26.71,79,4,3.86,SO,1698696281
437,umm kaddadah,13.6017,26.6876,31.1,18,75,4.25,SD,1698696213
438,isola del liri,41.6862,13.5823,21.58,57,100,2.57,IT,1698696282
439,dakhla,23.6848,-15.958,22.01,88,2,4.12,EH,1698696282
440,nadi,-17.8,177.4167,28.0,65,20,1.54,FJ,1698696282
441,bamboo flat,11.7,92.7167,27.72,79,98,2.74,IN,1698696283
442,myeik,12.4333,98.6,25.69,88,100,2.03,MM,1698696283
443,sola,-13.8833,167.55,26.4,81,33,6.43,VU,1698696283
444,keetmanshoop,-26.5833,18.1333,24.51,9,0,3.09,NA,1698696283
445,phan rang-thap cham,11.5667,108.9833,24.8,86,100,2.79,VN,1698696283
446,lere,10.387,8.5726,27.04,31,100,1.15,NG,1698696284
447,sinabang,2.4803,96.3801,25.46,87,100,2.06,ID,1698696284
448,krasnoarmeysk,51.0239,45.6969,7.18,76,93,7.56,RU,1698696284
449,korla,41.7597,86.1469,13.0,38,7,2.88,CN,1698696203
450,dalai,45.5,124.3,4.16,22,100,3.89,CN,1698696285
451,pell city,33.5862,-86.2861,18.08,71,100,5.14,US,1698696285
452,sierra grande,-41.606,-65.3557,12.69,30,100,7.78,AR,1698696285
453,masterton,-40.9597,175.6575,16.05,98,100,2.58,NZ,1698696171
454,boca do acre,-8.7522,-67.3978,36.23,32,100,1.39,BR,1698696180
455,black forest,39.0131,-104.7008,5.87,37,0,3.09,US,1698696286
456,angaur state,6.906,134.13,28.07,75,12,3.06,PW,1698696286
457,port macquarie,-31.4333,152.9167,14.94,58,88,1.98,AU,1698696286
458,alice springs,-23.7,133.8833,16.75,22,99,3.6,AU,1698696287
459,adrar,20.5022,-10.0711,29.04,12,0,2.09,MR,1698696287
460,dudinka,69.4058,86.1778,-16.85,97,100,0.89,RU,1698696287
461,quezon,7.7303,125.0989,22.19,95,66,0.62,PH,1698696287
462,robore,-18.3333,-59.75,35.05,49,75,9.26,BO,1698696287
463,buka,40.8108,69.1986,18.52,39,100,1.04,UZ,1698696235
464,pointe michel,15.25,-61.3833,32.52,55,20,1.54,DM,1698696288
465,grajewo,53.6473,22.4554,11.7,81,100,2.81,PL,1698696288
466,mersing,2.4312,103.8405,23.95,94,20,2.57,MY,1698696288
467,langsa,4.4683,97.9683,23.96,93,99,0.84,ID,1698696288
468,bom jardim,-7.7958,-35.5872,26.61,52,10,6.83,BR,1698696289
469,manakara,-22.1333,48.0167,24.22,85,36,3.81,MG,1698696289
470,barquisimeto,10.0739,-69.3228,30.42,49,100,2.6,VE,1698696086
471,acajutla,13.5928,-89.8275,25.92,87,100,4.66,SV,1698696289
472,greymouth,-42.4667,171.2,13.37,71,100,1.31,NZ,1698696290
473,songnim,38.7542,125.645,11.78,88,0,2.12,KP,1698696290
474,demidov,55.2706,31.515,7.66,96,100,3.36,RU,1698696290
475,erenhot,43.6475,111.9767,4.9,65,89,5.22,CN,1698696290
476,jiuquan,39.7432,98.5174,10.66,23,97,0.74,CN,1698696290
477,happy valley-goose bay,53.3168,-60.3315,1.17,40,75,7.72,CA,1698696018
478,pasuquin,18.3328,120.6177,23.97,88,75,1.54,PH,1698696291
479,phetchabun,16.25,101.0833,23.42,94,100,1.83,TH,1698696291
480,mabaruma,8.2,-59.7833,27.73,75,85,2.69,GY,1698696291
481,independencia,-5.3964,-40.3086,36.0,18,98,2.79,BR,1698696291
482,qusmuryn,52.4503,64.6311,1.75,78,100,6.38,KZ,1698696292
483,sisimiut,66.9395,-53.6735,-1.71,64,100,3.47,GL,1698696292
484,golere,16.2557,-14.1017,35.24,23,30,2.51,SN,1698696292
485,vila do maio,15.1333,-23.2167,27.44,68,7,2.94,CV,1698696293
486,mundri,-6.9558,111.71,25.65,79,49,1.89,ID,1698696293
487,tofol,5.3248,163.0078,28.5,73,100,4.89,FM,1698696293
488,gushu,31.5598,118.4829,11.99,72,0,1.9,CN,1698696293
489,edea,3.8,10.1333,24.64,97,100,0.38,CM,1698696294
490,krasnyy chikoy,50.3643,108.7512,-6.31,97,63,1.63,RU,1698696294
491,rancho palos verdes,33.7445,-118.387,27.65,12,20,3.09,US,1698696294
492,petrovsk-zabaykal'skiy,51.273,108.843,-8.46,66,23,1.1,RU,1698696294
493,aur,8.1499,171.1687,28.73,78,100,7.86,MH,1698696295
494,avellaneda,-29.1176,-59.6583,23.74,71,97,6.51,AR,1698696295
495,kruisfontein,-34.0033,24.7314,12.89,66,0,6.65,ZA,1698696295
496,paraiso,9.8383,-83.8656,21.95,98,100,0.97,CR,1698696295
497,bridgewater,44.3835,-64.5155,4.79,95,100,4.12,CA,1698696180
498,al khums,32.6486,14.2619,24.86,57,15,6.62,LY,1698696296
499,ebon,4.582,168.6964,28.49,74,100,3.52,MH,1698696296
500,sabzevar,36.2126,57.6819,17.74,55,78,4.28,IR,1698696296
501,smithers,54.7804,-127.1743,-1.82,74,20,1.54,CA,1698696296
502,angra do heroismo,38.65,-27.2167,18.95,84,40,2.68,PT,1698696297
503,newman,37.3138,-121.0208,21.8,38,8,0.89,US,1698696297
504,al jawf,29.5,38.75,19.77,61,6,4.5,SA,1698696297
505,enniskillen,54.3461,-7.6413,9.58,95,100,4.25,GB,1698696297
506,ulladulla,-35.35,150.4667,17.09,54,3,2.65,AU,1698696090
507,mata-utu,-13.2816,-176.1745,28.1,76,26,5.2,WF,1698696298
508,allapalli,19.4167,80.0667,18.2,77,5,0.97,IN,1698696298
509,santyoku,37.4406,129.1708,13.55,69,9,2.91,KR,1698696298
510,port nelson,23.6333,-74.8333,28.31,69,5,2.73,BS,1698696299
511,kot samaba,28.5522,70.4684,26.41,25,99,2.91,PK,1698696299
512,laojunmiao,39.8333,97.7333,8.1,27,97,1.87,CN,1698696299
513,qionghu,28.843,112.3522,18.91,63,0,1.1,CN,1698696299
514,severo-yeniseyskiy,60.3725,93.0408,-15.24,99,79,0.89,RU,1698696300
515,uruburetama,-3.625,-39.5083,29.2,50,77,4.25,BR,1698696300
516,saint-francois,46.4154,3.9054,10.69,84,100,2.57,FR,1698696300
517,norilsk,69.3535,88.2027,-16.99,93,100,1.61,RU,1698696300
518,nuuk,64.1835,-51.7216,2.28,68,100,5.65,GL,1698696002
519,vedaraniyam,10.3667,79.85,26.07,85,93,3.93,IN,1698696301
520,yarkovo,57.4028,67.0786,-4.91,90,91,3.27,RU,1698696301
521,horta,38.5333,-28.6333,18.9,80,40,7.2,PT,1698696301
522,ankazoabo,-22.2833,44.5167,22.27,66,0,6.37,MG,1698696302
523,la ronge,55.1001,-105.2842,-5.86,63,75,4.12,CA,1698696198
524,kenai,60.5544,-151.2583,5.05,84,59,3.4,US,1698696193
525,padampur,29.6833,73.6167,26.1,29,17,2.33,IN,1698696303
526,pisco,-13.7,-76.2167,24.03,60,59,8.75,PE,1698696190
527,severnoye,56.3491,78.3619,-6.68,76,98,4.02,RU,1698696303
528,tangalle,6.024,80.7911,24.42,87,51,1.73,LK,1698696304
529,mirny,62.5353,113.9611,-17.65,84,99,3.13,RU,1698696304
530,richmond,37.5538,-77.4603,29.0,50,75,5.66,US,1698696174
531,goroka,-6.0834,145.3873,16.26,99,100,0.89,PG,1698696304
532,alo,7.4178,6.7371,26.32,88,100,1.56,NG,1698696305
533,cill airne,52.05,-9.5167,8.14,95,4,1.78,IE,1698696305
534,murzuq,25.9155,13.9184,23.86,27,0,3.95,LY,1698696271
535,mananjary,-21.2167,48.3333,24.64,82,86,4.51,MG,1698696306
536,kolonia,50.9333,6.95,13.75,91,75,3.09,DE,1698696127
537,nizao,18.25,-70.2,30.82,65,100,3.72,DO,1698696306
538,hengchun,22.0042,120.7439,24.08,80,35,5.67,TW,1698696307
539,tuy hoa,13.0833,109.3,24.87,92,100,3.07,VN,1698696028
540,alappuzha,9.49,76.3264,25.56,84,99,0.52,IN,1698696307
541,oberwart,47.2897,16.206,14.23,100,100,4.04,AT,1698696307
542,windhoek,-22.5594,17.0832,25.11,15,0,2.06,NA,1698696308
543,tame,6.461,-71.73,31.83,52,99,0.62,CO,1698696308
544,cannonvale,-20.2833,148.7,21.66,68,100,2.14,AU,1698696309
545,sao gabriel da cachoeira,-0.1303,-67.0892,34.89,52,40,1.03,BR,1698696310
546,revelstoke,50.9832,-118.2023,2.01,69,100,2.57,CA,1698696310
547,meulaboh,4.1363,96.1285,24.85,88,100,0.24,ID,1698696310
